﻿<?xml version="1.0" encoding="utf-8"?>
<Project ToolsVersion="12.0" xmlns="http://schemas.microsoft.com/developer/msbuild/2003">
  <PropertyGroup>
    <IncludeCompositeObjects>True</IncludeCompositeObjects>
    <TargetDatabaseName>Product</TargetDatabaseName>
    <DeployScriptFileName>Product.sql</DeployScriptFileName>
    <TargetConnectionString>Data Source=GOCE-PC\EXPRESS2008;Integrated Security=True;Pooling=False</TargetConnectionString>
    <BlockOnPossibleDataLoss>False</BlockOnPossibleDataLoss>
    <CreateNewDatabase>True</CreateNewDatabase>
    <IncludeTransactionalScripts>True</IncludeTransactionalScripts>
    <ScriptDatabaseCollation>True</ScriptDatabaseCollation>
    <ScriptDatabaseCompatibility>True</ScriptDatabaseCompatibility>
    <DropObjectsNotInSource>True</DropObjectsNotInSource>
    <ProfileVersionNumber>1</ProfileVersionNumber>
  </PropertyGroup>
</Project>